id;sex;age;address;famsize;Pstatus;Medu;Fedu;Mjob;Fjob;reason;guardian;traveltime;studytime;failures;schoolsup;famsup;paid;activities;nursery;higher;internet;romantic;famrel;freetime;goout;Dalc;Walc;health;absences;G1
1;F;16;U;GT3;T;4;4;services;services;reputation;mother;1;3;0;no;yes;yes;yes;yes;yes;yes;no;3;2;3;1;2;2;6;13
2;M;15;U;GT3;T;2;2;other;other;home;mother;1;1;0;no;yes;yes;no;yes;yes;yes;no;4;2;2;1;2;5;2;12
3;F;16;U;GT3;T;4;3;teacher;health;home;mother;1;3;0;yes;yes;yes;yes;yes;yes;yes;no;3;4;4;2;4;4;2;10
4;F;17;U;GT3;A;4;4;other;teacher;home;mother;2;2;0;yes;yes;no;no;yes;yes;no;no;4;1;4;1;1;1;6;6
5;M;15;U;GT3;T;3;4;other;other;reputation;father;1;1;0;no;no;no;no;yes;yes;yes;no;3;4;3;1;2;4;6;14
6;M;17;U;LE3;T;2;3;services;services;reputation;father;1;2;0;no;yes;yes;no;no;yes;yes;no;5;3;3;1;3;3;2;12
7;M;15;U;GT3;T;2;3;other;other;home;mother;1;3;0;yes;no;yes;no;no;yes;yes;no;5;3;2;1;2;5;4;11
8;F;18;U;LE3;T;2;2;other;other;home;other;1;2;0;no;no;no;yes;no;yes;yes;yes;4;3;3;1;1;2;0;8
9;M;15;U;LE3;T;1;2;other;at_home;home;father;1;2;0;yes;yes;no;yes;yes;yes;yes;no;4;3;2;1;1;5;2;9
10;F;17;U;GT3;T;3;1;services;services;course;father;1;3;0;no;yes;no;no;no;yes;yes;no;3;4;3;2;3;5;1;12
11;F;16;U;LE3;T;2;2;services;services;course;mother;3;2;0;no;yes;yes;no;yes;yes;yes;no;4;3;3;2;3;4;2;12
12;M;16;U;GT3;T;3;2;other;other;home;mother;1;1;0;no;yes;yes;no;no;yes;yes;no;5;4;3;1;1;5;0;12
13;M;16;U;GT3;T;0;2;other;other;other;mother;1;1;0;no;no;yes;no;no;yes;yes;no;4;3;2;2;4;5;0;13
14;F;16;U;LE3;T;2;2;at_home;other;course;mother;1;2;0;no;yes;no;no;yes;yes;no;no;4;3;4;1;2;2;4;8
15;M;16;U;GT3;T;3;1;other;other;reputation;father;2;4;0;no;yes;yes;no;yes;yes;yes;no;4;3;2;1;1;5;0;13
16;M;16;U;LE3;T;2;2;other;other;home;mother;1;2;0;no;no;no;no;yes;yes;yes;no;4;4;4;1;1;3;0;12
17;M;18;U;GT3;T;2;1;services;services;reputation;mother;1;3;0;no;no;yes;yes;yes;yes;yes;no;4;2;4;1;3;2;6;15
18;F;18;R;GT3;A;3;2;other;services;home;mother;2;2;0;no;no;no;no;no;no;yes;yes;4;1;1;1;1;5;75;10
19;M;16;R;GT3;T;2;1;other;other;course;mother;2;1;0;no;no;no;yes;no;yes;no;no;3;3;2;1;3;3;0;8
20;M;17;R;GT3;T;1;2;at_home;other;home;mother;1;2;0;no;no;no;no;yes;yes;no;no;3;1;3;1;5;3;4;8
21;M;18;R;GT3;T;3;2;other;other;course;mother;1;3;0;no;no;no;yes;no;yes;no;no;5;3;2;1;1;3;1;13
22;F;17;R;GT3;T;2;1;at_home;services;reputation;mother;2;2;0;no;yes;no;yes;yes;yes;yes;no;4;2;5;1;2;5;2;6
23;F;18;U;LE3;T;4;3;other;other;home;other;2;2;0;no;yes;yes;no;yes;yes;yes;yes;4;4;5;1;2;2;10;10
24;F;16;U;LE3;A;3;3;other;services;home;mother;1;2;0;no;yes;no;no;yes;yes;yes;no;2;3;5;1;4;3;12;11
25;M;16;R;GT3;T;4;3;services;other;reputation;mother;2;1;0;yes;yes;no;yes;no;yes;yes;no;3;3;3;1;1;4;2;11
26;M;17;U;GT3;T;1;1;other;other;reputation;father;1;2;0;no;no;yes;no;no;yes;yes;no;4;3;3;1;2;4;2;12
27;F;17;U;GT3;T;4;4;other;teacher;course;mother;1;1;0;yes;yes;no;no;yes;yes;no;yes;4;2;1;1;1;4;0;11
28;F;19;U;LE3;T;1;2;services;services;home;other;1;2;1;no;no;no;yes;no;yes;no;yes;4;2;4;2;2;3;0;9
29;F;16;U;GT3;A;3;1;services;other;course;mother;1;2;3;no;yes;yes;no;yes;yes;yes;no;2;3;3;2;2;4;5;7
30;M;15;U;GT3;T;4;3;teacher;other;course;mother;2;2;0;no;yes;yes;no;yes;yes;yes;no;5;4;3;1;2;3;2;10
31;F;15;U;LE3;T;3;2;services;other;reputation;mother;1;2;0;no;yes;yes;no;yes;yes;yes;no;4;4;4;1;1;5;10;7
32;F;16;U;LE3;T;2;2;other;at_home;course;father;2;2;1;yes;no;no;yes;yes;yes;yes;no;4;3;3;2;2;5;14;10
33;F;16;U;GT3;T;4;4;teacher;services;home;mother;1;3;0;no;yes;no;yes;no;yes;yes;no;5;3;2;1;1;5;0;13
34;M;16;U;LE3;T;4;3;health;other;home;father;1;1;0;no;no;yes;yes;yes;yes;yes;no;3;1;3;1;3;5;4;8
35;F;17;U;GT3;A;2;1;other;other;course;mother;2;3;0;no;no;no;yes;yes;yes;yes;yes;3;2;3;1;2;3;10;12
36;F;16;U;GT3;T;3;4;at_home;other;course;mother;1;2;0;no;yes;no;no;yes;yes;yes;no;2;4;3;1;2;3;12;5
37;M;18;U;GT3;T;4;3;teacher;other;course;mother;1;3;0;no;yes;yes;no;yes;yes;yes;yes;5;4;5;2;3;5;0;10
38;F;18;R;GT3;T;2;1;other;other;reputation;mother;2;2;0;no;yes;no;no;yes;no;yes;yes;4;3;5;1;2;3;0;6
39;M;16;U;GT3;T;4;4;teacher;teacher;home;mother;1;2;0;no;yes;yes;yes;yes;yes;yes;yes;4;4;5;5;5;5;16;10
40;F;15;U;GT3;A;4;3;services;services;reputation;mother;1;2;0;no;yes;yes;yes;yes;yes;yes;no;4;3;2;1;1;1;0;14
41;F;18;U;LE3;T;1;1;other;other;home;mother;2;2;0;no;yes;yes;no;no;yes;no;no;4;4;3;1;1;3;2;11
42;F;17;U;LE3;T;3;2;other;other;reputation;mother;2;2;0;no;no;yes;no;yes;yes;yes;no;4;4;4;1;3;1;2;14
43;F;15;U;LE3;T;4;2;health;other;other;mother;1;2;0;no;yes;yes;no;yes;yes;yes;no;4;3;3;1;1;5;2;11
44;F;15;R;GT3;T;1;1;at_home;other;home;mother;2;4;1;yes;yes;yes;yes;yes;yes;yes;no;3;1;2;1;1;1;2;7
45;M;15;U;GT3;A;3;4;services;other;course;mother;1;2;0;no;yes;yes;yes;yes;yes;yes;no;5;4;4;1;1;1;0;16
46;M;16;U;GT3;T;4;4;services;teacher;other;father;1;3;0;no;yes;no;yes;yes;yes;yes;yes;4;4;3;1;1;4;0;16
47;M;15;U;GT3;A;2;2;other;other;home;other;1;3;0;no;yes;no;no;yes;yes;yes;yes;4;5;2;1;1;3;0;14
48;F;19;R;GT3;A;3;1;services;at_home;home;other;1;3;1;no;no;yes;no;yes;yes;no;no;5;4;3;1;2;5;12;14
49;M;16;U;GT3;T;3;3;services;other;home;father;1;3;0;no;yes;no;yes;yes;yes;yes;no;5;3;3;1;1;5;2;16
50;F;17;R;GT3;T;2;4;at_home;other;course;father;1;3;0;no;yes;no;no;yes;yes;yes;yes;4;4;3;1;1;5;7;12
51;M;15;R;GT3;T;3;2;other;other;course;mother;2;2;2;yes;yes;no;no;yes;yes;yes;yes;4;4;4;1;4;3;6;5
52;F;17;U;GT3;T;4;4;services;teacher;home;mother;2;1;1;no;yes;no;no;yes;yes;yes;no;4;2;4;2;3;2;24;18
53;F;16;U;GT3;T;1;1;services;services;course;father;4;1;0;yes;yes;no;yes;no;yes;yes;yes;5;5;5;5;5;5;6;10
54;F;19;R;GT3;T;2;3;other;other;reputation;other;1;3;1;no;no;no;no;yes;yes;yes;yes;4;1;2;1;1;3;40;13
55;F;15;U;GT3;T;1;1;other;services;course;father;1;2;0;no;yes;yes;no;yes;yes;yes;no;4;4;2;1;2;5;0;8
56;F;17;R;GT3;T;4;3;teacher;other;reputation;mother;2;3;0;no;yes;yes;yes;yes;yes;yes;yes;4;4;2;1;1;4;6;7
57;M;18;U;GT3;T;2;2;other;services;reputation;father;1;2;1;no;no;no;no;yes;no;yes;no;5;5;4;3;5;2;0;7
58;F;15;U;GT3;T;4;4;teacher;health;reputation;mother;1;2;0;no;yes;yes;no;yes;yes;yes;no;3;3;3;1;2;2;0;10
59;F;16;U;GT3;T;3;3;other;other;home;father;1;2;0;no;yes;yes;no;yes;yes;no;no;4;3;2;1;2;5;4;6
60;F;17;U;GT3;T;2;3;at_home;other;home;father;2;1;0;no;yes;yes;no;yes;yes;no;no;3;3;3;1;4;3;3;7
61;M;15;U;GT3;T;3;4;services;services;home;father;1;1;0;yes;no;no;no;yes;yes;yes;no;5;5;5;3;2;5;0;13
62;F;17;U;GT3;T;3;3;other;other;home;mother;1;3;0;no;no;no;yes;no;yes;no;no;3;2;3;1;1;4;4;10
63;F;18;U;GT3;T;4;3;other;other;reputation;father;1;4;0;no;yes;yes;no;yes;yes;yes;no;4;3;3;1;1;3;0;14
64;F;16;U;GT3;T;2;3;other;other;reputation;mother;1;2;0;yes;yes;yes;yes;yes;yes;no;no;4;4;3;1;3;4;6;8
65;F;18;U;GT3;T;3;3;services;services;home;mother;1;2;0;no;no;no;yes;yes;yes;yes;no;5;3;4;1;1;4;0;7
66;F;17;R;LE3;T;3;1;services;other;reputation;mother;2;4;0;no;yes;yes;no;yes;yes;no;no;3;1;2;1;1;3;6;18
67;F;18;U;GT3;T;4;3;services;other;home;father;1;2;0;no;yes;yes;no;yes;yes;yes;yes;3;1;2;1;3;2;21;17
68;M;18;U;LE3;A;4;4;teacher;teacher;reputation;mother;1;2;0;no;yes;yes;yes;yes;yes;yes;no;5;4;3;1;1;2;9;15
69;M;17;R;LE3;T;1;1;other;services;course;mother;4;2;3;no;no;no;yes;yes;no;no;yes;5;3;5;1;5;5;0;5
70;M;16;U;GT3;T;4;4;teacher;teacher;course;father;1;2;0;no;yes;no;yes;yes;yes;yes;no;5;4;4;1;2;5;2;15
71;F;16;U;LE3;T;4;3;teacher;services;course;mother;3;2;0;no;yes;no;yes;yes;yes;yes;no;5;4;3;1;2;1;2;16
72;M;17;U;LE3;T;1;1;health;other;course;mother;2;1;1;no;yes;no;yes;yes;yes;yes;no;4;4;4;1;2;5;2;7
73;M;15;U;LE3;A;2;1;services;other;course;mother;4;1;3;no;no;no;no;yes;yes;yes;no;4;5;5;2;5;5;0;8
74;M;15;U;GT3;T;4;4;health;health;other;father;1;1;0;no;yes;yes;no;yes;yes;yes;no;5;4;2;1;1;5;0;12
75;F;15;U;LE3;T;1;1;at_home;other;other;mother;1;2;3;yes;no;yes;no;yes;yes;yes;no;4;3;2;2;3;3;10;7
76;M;15;U;LE3;T;4;4;health;services;course;father;1;1;0;no;yes;yes;yes;yes;yes;yes;no;4;3;3;1;3;5;2;14
77;F;18;U;GT3;A;4;4;at_home;teacher;course;mother;2;2;0;yes;no;no;no;yes;yes;no;no;4;3;4;1;1;3;6;5
78;F;17;U;GT3;T;1;1;at_home;other;course;father;1;2;0;no;yes;no;no;no;yes;yes;no;5;3;3;1;1;3;4;5
79;M;18;U;GT3;T;4;4;teacher;services;home;father;1;2;1;no;yes;no;yes;yes;yes;yes;no;4;3;3;2;2;2;0;10
80;F;17;U;GT3;T;1;1;services;teacher;reputation;mother;1;3;0;no;yes;yes;no;yes;yes;yes;no;4;3;3;1;1;3;6;13
81;F;17;U;GT3;T;3;2;other;other;course;mother;1;2;0;no;no;no;yes;no;yes;yes;no;5;3;4;1;3;3;10;16
82;M;15;U;GT3;T;4;0;teacher;other;course;mother;2;4;0;no;no;no;yes;yes;yes;yes;no;3;4;3;1;1;1;8;11
83;M;17;U;GT3;T;3;1;services;other;other;mother;1;2;0;no;no;yes;yes;yes;yes;yes;yes;5;4;4;3;4;5;2;9
84;M;17;U;LE3;A;4;1;services;other;home;mother;2;1;0;no;no;yes;yes;yes;yes;yes;yes;4;5;4;2;4;5;30;8
85;M;16;U;GT3;T;4;3;teacher;other;home;mother;1;2;0;no;yes;yes;yes;yes;yes;yes;no;3;4;3;2;3;3;10;9
86;M;18;U;GT3;T;4;4;other;other;course;mother;1;3;0;no;no;no;yes;yes;yes;yes;no;4;3;3;2;2;3;3;9
87;M;18;U;LE3;T;3;4;services;other;home;mother;1;2;0;no;no;no;yes;yes;yes;yes;yes;4;3;3;1;3;5;11;16
88;F;16;U;LE3;T;4;4;health;health;other;mother;1;3;0;no;yes;yes;yes;yes;yes;yes;yes;5;4;5;1;1;4;4;14
89;M;17;U;GT3;T;4;4;teacher;teacher;reputation;mother;1;2;0;yes;yes;no;yes;yes;yes;yes;yes;4;5;5;1;3;2;14;11
90;F;16;U;GT3;A;3;3;other;other;course;other;2;1;2;no;yes;no;yes;no;yes;yes;yes;4;3;2;1;1;5;0;4
91;F;16;U;GT3;T;4;3;teacher;other;other;mother;1;2;0;no;no;yes;yes;yes;yes;yes;yes;1;3;2;1;1;1;10;11
92;F;15;U;GT3;T;4;2;other;other;reputation;mother;1;3;0;no;yes;no;yes;yes;yes;yes;no;5;3;3;1;3;1;4;13
93;F;15;U;LE3;A;4;3;other;other;course;mother;1;2;0;yes;yes;yes;yes;yes;yes;yes;yes;5;2;2;1;1;5;8;8
94;F;19;U;LE3;T;3;2;services;other;reputation;other;2;2;1;no;yes;yes;no;no;yes;yes;yes;4;2;2;1;2;1;22;13
95;M;18;U;LE3;T;2;2;other;other;course;mother;1;4;0;no;yes;no;yes;yes;yes;yes;no;4;5;5;2;4;5;2;9
96;M;19;U;GT3;T;3;2;services;at_home;home;mother;1;1;3;no;yes;no;no;yes;no;yes;yes;4;5;4;1;1;4;0;5
97;F;15;U;GT3;T;4;4;services;services;course;mother;1;1;0;yes;yes;yes;no;yes;yes;yes;no;3;3;4;2;3;5;0;8
98;F;16;U;LE3;T;3;1;other;other;home;father;1;2;0;yes;yes;no;no;yes;yes;no;no;3;3;3;2;3;2;4;7
99;F;19;U;LE3;T;1;1;at_home;other;reputation;other;1;2;1;yes;yes;no;yes;no;yes;yes;no;4;4;3;1;3;3;18;12
100;M;16;U;GT3;T;2;3;other;other;home;father;2;1;0;no;no;no;no;yes;yes;yes;no;5;3;3;1;1;3;0;13
101;F;16;U;GT3;T;3;3;other;other;home;mother;1;3;0;no;yes;yes;no;yes;yes;yes;yes;4;3;3;1;3;4;0;7
102;F;18;U;LE3;T;3;3;services;services;home;mother;1;4;0;no;yes;no;no;yes;yes;yes;no;5;3;3;1;1;1;7;16
103;F;17;U;GT3;T;3;4;services;other;course;mother;1;3;0;no;no;no;no;yes;yes;yes;no;4;4;5;1;3;5;16;16
104;F;18;U;GT3;T;2;2;at_home;services;home;mother;1;3;0;no;yes;yes;yes;yes;yes;yes;yes;4;3;3;1;1;3;0;9
105;F;16;U;GT3;A;3;4;services;other;course;father;1;1;0;no;no;no;no;yes;yes;yes;no;3;2;1;1;4;5;16;12
106;F;17;R;GT3;T;2;1;at_home;services;course;mother;3;2;0;no;no;no;yes;yes;yes;no;no;2;1;1;1;1;3;2;13
107;F;18;R;GT3;T;3;1;other;other;reputation;mother;1;2;1;no;no;no;yes;yes;yes;yes;yes;5;3;3;1;1;4;16;9
108;M;18;U;GT3;T;2;1;services;services;other;mother;1;1;1;no;no;no;no;no;no;yes;no;3;2;5;2;5;5;4;6
109;F;16;U;GT3;T;2;1;other;other;course;mother;1;2;0;no;yes;yes;no;yes;yes;no;yes;4;3;5;1;1;5;2;8
110;F;15;R;GT3;T;1;1;other;other;reputation;mother;1;2;2;yes;yes;no;no;no;yes;yes;yes;3;3;4;2;4;5;2;8
111;M;15;U;GT3;T;2;3;other;services;course;father;1;1;0;yes;yes;yes;yes;no;yes;yes;yes;3;2;2;1;3;3;2;10
112;M;17;U;LE3;T;4;4;teacher;other;reputation;mother;1;2;0;no;yes;yes;yes;yes;yes;yes;no;4;4;4;1;3;5;0;13
113;M;17;U;GT3;T;2;1;other;other;home;mother;1;1;3;no;yes;no;no;yes;yes;yes;no;5;4;5;1;2;5;0;5
114;F;17;U;GT3;T;4;3;other;other;reputation;mother;1;2;2;no;no;yes;no;yes;yes;yes;yes;3;4;5;2;4;1;22;6
115;M;15;U;GT3;T;4;4;teacher;health;reputation;mother;1;2;0;no;yes;no;yes;yes;yes;no;no;3;2;2;1;1;5;4;14
116;F;16;U;GT3;T;1;1;at_home;other;home;mother;2;1;0;no;yes;yes;no;yes;yes;no;no;4;3;2;1;4;5;6;9
117;M;16;U;GT3;T;2;1;other;other;course;mother;3;1;0;no;no;no;no;yes;yes;yes;no;4;3;3;1;1;4;6;18
118;M;17;R;LE3;A;4;4;teacher;other;course;mother;2;2;0;no;yes;yes;no;yes;yes;yes;no;3;3;3;2;3;4;2;10
119;M;17;U;GT3;T;4;3;other;other;course;mother;1;2;0;no;yes;no;yes;yes;yes;yes;yes;5;2;3;1;1;2;4;10
120;F;18;U;GT3;T;4;4;health;health;reputation;father;1;2;1;yes;yes;no;yes;yes;yes;yes;yes;2;4;4;1;1;4;15;9
121;F;16;U;GT3;T;4;2;health;services;home;father;1;2;0;no;no;yes;no;yes;yes;yes;yes;4;2;3;1;1;3;0;14
122;M;16;U;LE3;T;4;3;services;other;reputation;mother;1;2;0;no;yes;yes;yes;yes;yes;yes;no;5;4;2;1;2;5;10;15
123;M;16;R;GT3;A;4;4;other;teacher;reputation;mother;2;3;0;no;yes;no;yes;yes;yes;yes;yes;2;4;3;1;1;5;7;15
124;F;15;U;GT3;T;4;2;health;services;home;mother;1;3;0;no;yes;yes;yes;yes;yes;yes;yes;3;2;2;1;1;5;2;15
125;F;15;U;GT3;T;1;1;at_home;other;course;mother;3;1;0;no;yes;no;yes;no;yes;yes;yes;4;3;3;1;2;4;0;8
126;F;16;U;LE3;T;3;3;other;other;reputation;mother;2;2;0;no;yes;yes;yes;yes;yes;yes;no;4;4;5;1;1;4;4;10
127;F;18;R;GT3;T;2;2;at_home;other;course;mother;2;4;0;no;no;no;yes;yes;yes;no;no;4;4;4;1;1;4;0;10
128;M;15;U;LE3;T;4;4;teacher;other;home;other;1;1;0;no;yes;no;no;no;yes;yes;yes;5;4;3;2;4;5;8;12
129;M;17;U;GT3;T;3;3;other;other;reputation;father;1;2;0;no;no;no;yes;no;yes;yes;no;4;3;4;1;4;4;4;6
130;F;15;U;GT3;T;1;1;other;other;home;father;1;2;0;no;yes;no;yes;no;yes;yes;no;4;3;2;2;3;4;2;9
131;F;18;R;LE3;T;1;1;at_home;other;reputation;mother;2;4;0;no;yes;yes;yes;yes;yes;no;no;5;2;2;1;1;3;1;12
132;F;19;U;GT3;T;1;1;at_home;health;home;other;1;3;2;no;no;no;no;no;yes;yes;yes;4;1;2;1;1;3;14;15
133;M;17;U;GT3;T;3;3;other;services;reputation;mother;1;1;0;no;no;no;yes;no;yes;yes;no;4;3;5;3;5;5;3;14
134;F;15;U;LE3;A;3;4;other;other;home;mother;1;2;0;yes;no;no;yes;yes;yes;yes;yes;5;3;2;1;1;1;0;7
135;F;17;U;GT3;T;1;1;at_home;services;course;mother;1;2;0;no;no;no;yes;yes;yes;yes;no;5;3;3;1;1;3;0;8
136;M;17;R;GT3;T;2;2;other;other;course;father;2;2;0;no;yes;yes;yes;yes;yes;yes;no;4;5;2;1;1;1;4;11
137;M;16;U;GT3;T;3;3;at_home;other;reputation;other;3;2;0;yes;yes;no;no;no;yes;yes;no;5;3;3;1;3;2;6;7
138;M;15;U;GT3;A;4;4;other;services;reputation;mother;1;4;0;no;yes;no;yes;no;yes;yes;yes;1;3;3;5;5;3;4;13
139;F;16;U;GT3;T;4;4;other;other;reputation;mother;1;1;0;no;no;no;yes;no;yes;yes;no;5;3;4;1;2;1;6;11
140;M;16;U;LE3;T;4;2;teacher;other;course;mother;1;2;0;no;no;no;yes;yes;yes;yes;no;4;5;1;1;3;5;2;15
141;F;15;R;GT3;T;2;2;at_home;other;reputation;mother;1;1;0;yes;yes;yes;yes;yes;yes;no;no;4;3;1;1;1;2;8;14
142;F;17;U;LE3;T;2;2;other;other;course;father;1;1;0;no;yes;no;no;yes;yes;yes;yes;3;4;4;1;3;5;12;10
143;F;16;U;GT3;T;4;2;teacher;services;home;mother;2;2;0;no;yes;yes;yes;yes;yes;yes;no;5;3;3;1;1;1;0;11
144;F;15;U;GT3;A;3;3;other;health;reputation;father;1;4;0;yes;no;no;no;yes;yes;no;no;4;3;3;1;1;4;10;10
145;M;16;U;LE3;T;4;3;teacher;other;course;mother;1;1;0;no;no;no;yes;no;yes;yes;no;5;4;5;1;1;3;0;6
146;F;18;R;GT3;T;4;4;teacher;other;reputation;mother;2;2;0;no;no;yes;yes;yes;yes;yes;no;4;3;4;2;2;4;8;12
147;F;16;U;GT3;T;2;2;services;other;reputation;mother;2;2;0;no;no;yes;yes;no;yes;yes;no;3;4;4;1;4;5;2;13
148;F;17;U;GT3;T;1;1;other;other;course;mother;1;2;0;no;yes;yes;no;no;yes;no;no;4;4;4;1;3;1;4;9
149;M;15;U;GT3;T;4;3;teacher;other;home;mother;1;2;0;no;yes;yes;yes;yes;yes;yes;no;4;3;3;2;3;5;6;9
150;F;17;U;GT3;A;3;3;health;other;reputation;mother;1;2;0;no;yes;no;no;no;yes;yes;yes;3;3;3;1;3;3;6;8
151;F;15;U;GT3;T;4;4;services;at_home;course;mother;1;3;0;no;yes;no;yes;yes;yes;yes;yes;4;3;3;1;1;5;0;11
152;M;18;U;GT3;T;3;2;services;other;course;mother;2;1;1;no;no;no;no;yes;no;yes;no;4;4;5;2;4;5;0;6
153;M;15;U;GT3;T;3;4;other;other;home;mother;1;2;0;no;yes;yes;yes;yes;yes;yes;no;5;5;1;1;1;5;0;14
154;M;15;R;GT3;T;4;4;other;other;home;father;4;4;0;no;yes;yes;yes;yes;yes;yes;yes;1;3;5;3;5;1;6;10
155;M;15;R;GT3;T;2;1;health;services;reputation;mother;1;2;0;no;no;no;yes;yes;yes;yes;yes;5;4;2;1;1;5;8;9
156;M;16;U;LE3;T;2;1;at_home;other;course;mother;1;1;1;no;no;no;yes;yes;yes;no;yes;4;4;4;3;5;5;6;12
157;M;18;R;LE3;T;3;3;other;services;course;mother;1;2;1;no;yes;no;no;yes;yes;yes;yes;4;3;3;1;3;5;8;3
158;M;17;U;GT3;T;4;4;services;teacher;home;mother;1;1;0;no;no;no;no;yes;yes;yes;no;5;2;3;1;2;5;4;17
159;M;15;U;GT3;T;2;2;services;services;course;father;1;1;0;yes;yes;no;no;yes;yes;yes;no;5;4;1;1;1;1;0;8
160;F;17;U;GT3;A;4;3;services;services;course;mother;1;2;0;no;yes;yes;no;yes;yes;yes;yes;5;2;2;1;2;5;23;13
161;M;17;U;GT3;T;1;3;at_home;services;course;father;1;1;0;no;no;no;no;yes;no;yes;no;5;3;3;1;4;2;2;10
162;F;16;U;GT3;T;4;3;health;other;home;mother;1;2;0;no;yes;no;yes;yes;yes;yes;no;4;3;5;1;5;2;2;16
163;M;16;U;GT3;T;1;2;services;services;other;mother;1;1;0;no;yes;yes;yes;yes;yes;yes;yes;3;3;3;1;2;3;2;11
164;M;17;U;LE3;A;3;2;teacher;services;home;mother;1;1;1;no;no;no;no;yes;yes;yes;no;4;4;4;3;4;3;19;11
165;F;17;U;GT3;T;4;3;health;other;reputation;mother;1;3;0;no;yes;yes;yes;yes;yes;yes;yes;4;4;3;1;3;4;0;13
166;F;15;R;LE3;T;2;2;health;services;reputation;mother;2;2;0;yes;yes;yes;no;yes;yes;yes;no;4;1;3;1;3;4;2;8
167;F;17;U;GT3;T;4;4;teacher;teacher;course;mother;2;3;0;no;yes;yes;no;no;yes;yes;yes;4;3;3;1;2;4;4;14
168;F;15;U;GT3;T;1;2;at_home;services;course;mother;1;2;0;no;no;no;no;no;yes;yes;no;3;2;3;1;2;1;2;16
169;F;17;U;LE3;T;4;3;health;other;reputation;father;1;2;0;no;no;no;yes;yes;yes;yes;yes;3;2;3;1;2;3;14;13
170;M;17;U;GT3;T;2;1;other;other;home;mother;2;1;3;yes;yes;no;yes;yes;no;yes;no;4;5;1;1;1;3;2;8
171;M;15;U;LE3;A;4;2;health;health;other;father;2;1;1;no;no;no;no;yes;yes;no;no;5;5;5;3;4;5;6;11
172;F;17;U;LE3;T;3;3;other;other;reputation;mother;1;2;0;no;yes;no;yes;yes;yes;yes;yes;5;3;3;2;3;1;56;9
173;M;16;U;GT3;T;3;1;other;other;reputation;mother;1;1;0;no;no;no;yes;yes;yes;no;no;5;3;2;2;2;5;2;12
174;F;15;U;GT3;T;4;4;services;services;reputation;father;2;2;2;no;no;yes;no;yes;yes;yes;yes;4;4;4;2;3;5;6;7
175;M;15;R;GT3;T;4;3;teacher;at_home;course;mother;1;2;0;no;yes;no;yes;yes;yes;yes;yes;4;5;2;1;1;5;0;17
176;M;18;U;GT3;T;2;1;other;other;home;mother;1;2;0;no;no;no;yes;yes;yes;yes;no;5;2;4;1;2;4;8;15
177;F;15;U;GT3;T;4;4;teacher;teacher;course;mother;2;1;0;no;no;no;yes;yes;yes;yes;no;4;3;2;1;1;5;0;16
178;M;16;U;GT3;T;2;2;other;other;course;father;1;2;0;no;no;no;no;yes;no;yes;no;4;3;5;2;4;4;4;10
179;M;15;U;GT3;T;4;3;teacher;other;reputation;mother;1;2;0;no;no;no;no;yes;yes;yes;no;4;4;1;1;1;1;0;13
180;F;15;R;GT3;T;3;4;services;teacher;course;father;2;3;2;no;yes;no;no;yes;yes;yes;yes;4;2;2;2;2;5;0;12
181;M;15;U;LE3;T;4;3;teacher;services;home;mother;1;3;0;no;yes;no;yes;yes;yes;yes;no;5;4;3;1;1;4;2;15
182;F;19;U;GT3;T;3;3;other;other;reputation;other;1;4;0;no;yes;yes;yes;yes;yes;yes;no;4;3;3;1;2;3;10;8
183;F;17;U;LE3;T;2;4;services;services;course;father;1;2;0;no;no;no;yes;yes;yes;yes;yes;4;3;2;1;1;5;0;14
184;M;17;U;LE3;T;4;4;other;teacher;home;father;2;1;0;no;no;yes;no;yes;yes;yes;no;4;1;1;2;2;5;0;11
185;M;15;U;GT3;T;4;2;teacher;other;home;mother;1;2;0;no;yes;yes;no;yes;yes;no;no;4;3;3;2;2;5;2;15
186;F;15;U;LE3;A;3;3;other;other;other;mother;1;1;0;no;no;yes;no;yes;yes;yes;no;5;3;4;4;4;1;6;10
187;F;18;U;GT3;T;3;2;other;services;other;mother;1;3;0;no;no;no;no;yes;yes;yes;yes;5;4;3;2;3;1;7;13
188;F;16;U;GT3;T;2;3;services;teacher;other;mother;1;2;0;yes;no;no;no;yes;yes;yes;no;2;3;1;1;1;3;2;16
189;F;18;U;LE3;T;2;1;services;at_home;reputation;mother;1;2;1;no;no;no;no;yes;yes;yes;yes;5;4;3;1;1;5;12;12
190;M;16;U;GT3;T;4;4;teacher;teacher;course;mother;1;1;0;no;yes;no;no;yes;no;yes;yes;3;3;2;2;1;5;0;7
191;F;16;U;LE3;T;1;1;at_home;at_home;course;mother;1;1;0;no;no;no;no;yes;yes;yes;no;3;4;4;3;3;1;2;14
192;F;17;U;LE3;T;4;2;teacher;services;reputation;mother;1;4;0;no;yes;yes;yes;yes;yes;yes;no;4;2;3;1;1;4;6;14
193;M;15;U;LE3;T;2;2;services;services;home;mother;2;2;0;no;no;yes;yes;yes;yes;yes;no;5;3;3;1;3;4;4;15
194;F;16;U;GT3;T;3;1;services;other;course;mother;1;4;0;yes;yes;yes;no;yes;yes;yes;no;4;3;3;1;2;5;4;7
195;F;15;U;GT3;T;2;3;other;other;other;father;2;1;0;no;yes;no;yes;yes;yes;no;no;3;5;1;1;1;5;0;8
196;F;17;R;GT3;T;2;2;other;other;reputation;mother;1;1;0;no;yes;no;no;yes;yes;yes;no;5;3;2;1;2;3;18;7
197;F;17;U;GT3;T;4;3;health;services;reputation;mother;1;3;0;no;yes;yes;no;yes;yes;yes;no;4;2;2;1;2;3;0;15
198;M;16;U;LE3;A;4;4;teacher;health;reputation;mother;1;2;0;no;yes;no;no;yes;yes;no;no;4;1;3;3;5;5;18;8
199;F;15;U;GT3;T;1;2;at_home;other;course;mother;1;2;0;no;yes;yes;no;no;yes;yes;no;4;3;2;1;1;5;2;10
200;F;16;U;LE3;T;1;2;other;services;reputation;father;1;2;0;yes;no;no;yes;yes;yes;yes;no;4;4;3;1;1;1;4;8
201;M;16;U;GT3;T;3;3;other;services;course;father;1;2;1;no;yes;yes;no;yes;yes;yes;yes;4;5;5;4;4;5;4;10
202;M;15;U;GT3;T;4;4;health;services;home;mother;1;2;0;no;yes;yes;no;no;yes;yes;no;5;4;2;3;4;5;0;9
203;F;15;U;GT3;T;4;3;services;other;reputation;mother;1;1;0;no;no;yes;yes;yes;yes;yes;no;4;5;5;1;3;1;4;16
204;F;16;U;GT3;T;4;4;health;health;reputation;mother;1;2;0;no;yes;yes;no;yes;yes;yes;yes;4;4;2;1;1;3;0;14
205;F;18;U;GT3;T;1;1;other;other;home;mother;2;2;0;yes;no;no;yes;yes;yes;yes;no;5;4;4;1;1;4;4;8
206;F;16;U;LE3;T;2;4;other;health;course;father;2;2;0;no;yes;yes;yes;yes;yes;yes;yes;4;2;2;1;2;5;2;13
207;M;16;U;LE3;T;1;1;other;other;home;mother;2;2;0;no;yes;yes;no;yes;yes;yes;no;3;4;2;1;1;5;18;9
208;M;17;U;LE3;T;4;4;services;other;home;mother;1;2;0;no;yes;yes;no;yes;yes;yes;yes;5;3;5;4;5;3;13;12
209;M;15;U;GT3;T;4;2;other;other;course;mother;1;4;0;no;no;no;no;yes;yes;yes;no;3;3;3;1;1;3;0;10
210;M;18;U;LE3;T;2;1;at_home;other;course;mother;4;2;0;yes;yes;yes;yes;yes;yes;yes;yes;4;3;2;4;5;3;14;10
211;M;16;U;LE3;T;1;1;services;other;course;mother;1;2;1;no;no;no;no;yes;yes;no;yes;4;4;4;1;3;5;0;14
212;M;19;U;GT3;T;3;3;other;other;home;other;1;2;1;no;yes;no;yes;yes;yes;yes;yes;4;4;4;1;1;3;20;15
213;M;18;U;LE3;T;1;1;other;other;course;mother;1;1;3;no;no;no;no;yes;no;yes;yes;2;3;5;2;5;4;0;6
214;F;16;U;GT3;T;2;2;other;other;home;mother;1;2;0;no;no;yes;no;yes;yes;yes;yes;5;4;4;1;1;5;0;8
215;M;19;U;LE3;A;4;3;services;at_home;reputation;mother;1;2;0;no;yes;no;no;yes;yes;yes;no;4;3;1;1;1;1;12;11
216;F;17;U;GT3;T;3;4;at_home;services;home;mother;1;3;1;no;yes;yes;no;yes;yes;yes;yes;4;4;3;3;4;5;28;10
217;F;16;R;GT3;T;4;4;health;teacher;other;mother;1;2;0;no;yes;no;yes;yes;yes;no;no;2;4;4;2;3;4;6;10
218;F;16;U;GT3;T;2;3;services;services;course;mother;1;2;0;no;no;no;no;yes;yes;yes;no;4;3;3;1;1;2;10;11
219;M;16;U;LE3;A;3;4;services;other;home;mother;1;2;0;yes;yes;no;yes;yes;yes;yes;no;5;3;3;1;1;5;4;11
220;M;17;U;GT3;T;3;3;services;services;other;mother;1;2;0;no;yes;no;yes;yes;yes;yes;yes;4;3;4;2;3;4;12;12
221;F;16;U;GT3;T;2;1;other;other;home;mother;1;1;0;no;no;no;no;yes;yes;yes;yes;4;5;2;1;1;5;20;13
222;F;18;U;GT3;T;2;3;at_home;other;course;mother;1;3;0;no;yes;no;no;yes;yes;yes;no;4;3;3;1;2;3;4;11
223;F;16;U;LE3;T;4;4;teacher;teacher;reputation;mother;1;2;0;no;yes;yes;no;yes;yes;yes;no;4;5;2;1;2;3;0;9
224;M;22;U;GT3;T;3;1;services;services;other;mother;1;1;3;no;no;no;no;no;no;yes;yes;5;4;5;5;5;1;16;6
225;F;18;U;GT3;T;2;1;services;other;course;mother;2;2;0;no;yes;yes;yes;yes;yes;yes;no;5;3;3;1;2;1;0;8
226;M;17;R;GT3;T;1;2;at_home;at_home;home;mother;1;2;0;no;yes;yes;yes;no;yes;no;yes;3;5;2;2;2;1;2;15
227;F;15;R;GT3;T;3;4;services;health;course;mother;1;3;0;yes;yes;yes;yes;yes;yes;yes;no;4;3;2;1;1;5;2;12
228;F;17;U;GT3;T;4;2;other;other;reputation;mother;2;3;0;no;yes;yes;no;yes;yes;yes;no;4;3;3;1;1;3;0;15
229;M;15;U;LE3;T;4;2;teacher;other;course;mother;1;1;0;no;no;no;no;yes;yes;yes;no;3;5;2;1;1;3;10;18
230;M;18;U;LE3;T;3;3;services;health;home;father;1;2;1;no;yes;yes;no;yes;yes;yes;no;3;2;4;2;4;4;13;6
231;F;18;U;GT3;T;2;2;at_home;at_home;other;mother;1;3;0;no;yes;yes;no;yes;yes;yes;no;4;3;3;1;2;2;5;18
232;M;18;U;GT3;T;4;2;teacher;other;home;mother;1;2;0;no;yes;yes;yes;yes;yes;yes;yes;4;3;2;1;4;5;11;12
233;F;16;U;GT3;T;1;3;at_home;services;home;mother;1;2;3;no;no;no;yes;no;yes;yes;yes;4;3;5;1;1;3;0;8
234;M;16;U;GT3;T;2;2;services;other;reputation;father;2;2;1;no;no;yes;yes;no;yes;yes;no;4;4;2;1;1;3;12;11
235;M;19;U;GT3;T;4;4;teacher;services;reputation;other;2;1;1;no;yes;yes;no;yes;yes;yes;yes;4;3;4;1;1;4;38;8
236;M;16;U;GT3;T;1;0;other;other;reputation;mother;2;2;0;no;yes;yes;yes;yes;yes;yes;yes;4;3;2;1;1;3;2;13
237;F;16;U;GT3;T;2;2;services;services;home;mother;1;1;2;no;yes;yes;no;no;yes;yes;no;1;2;2;1;3;5;14;6
238;F;15;U;GT3;T;2;2;other;other;course;mother;1;4;0;yes;yes;yes;no;yes;yes;yes;no;5;1;2;1;1;3;8;7
239;M;16;U;GT3;T;3;3;other;services;home;father;2;1;0;no;no;no;yes;yes;yes;yes;no;5;4;2;1;1;5;0;13
240;M;17;R;LE3;T;1;2;other;other;reputation;mother;1;1;0;no;no;no;no;yes;yes;no;no;2;2;2;3;3;5;8;16
241;F;19;U;GT3;T;2;1;at_home;other;other;other;3;2;0;no;yes;no;no;yes;no;yes;yes;3;4;1;1;1;2;20;14
242;F;16;U;GT3;T;4;3;other;at_home;course;mother;1;3;0;yes;yes;yes;no;yes;yes;yes;no;5;3;5;1;1;3;0;7
243;M;15;U;LE3;T;3;3;other;other;course;mother;1;2;0;no;no;no;yes;no;yes;yes;no;5;3;2;1;1;2;0;8
244;M;18;R;GT3;T;2;2;services;other;reputation;mother;1;1;2;no;yes;no;yes;yes;yes;yes;no;3;3;3;1;2;4;0;7
245;M;17;U;LE3;T;4;3;health;other;course;mother;2;2;0;no;no;no;yes;yes;yes;yes;yes;2;5;5;1;4;5;14;12
246;M;15;U;GT3;T;2;2;services;services;home;father;1;4;0;no;yes;yes;yes;yes;yes;yes;no;5;5;4;1;2;5;6;16
247;F;16;U;GT3;T;3;3;other;other;reputation;mother;3;2;0;yes;yes;no;yes;yes;yes;no;no;5;3;2;1;1;4;4;8
248;F;17;U;GT3;T;4;4;teacher;services;course;mother;1;3;0;no;yes;yes;yes;yes;yes;yes;no;5;4;4;1;3;4;7;10
249;M;17;U;GT3;T;3;3;health;other;home;mother;1;1;0;no;yes;yes;no;yes;yes;yes;no;4;4;3;1;3;5;4;14
250;M;16;U;GT3;T;3;2;at_home;other;reputation;mother;2;3;0;no;no;no;yes;yes;yes;yes;yes;5;3;3;1;3;2;10;11
251;F;16;U;GT3;A;2;1;other;other;other;mother;1;2;0;no;no;yes;yes;yes;yes;yes;yes;5;3;4;1;1;2;8;8
252;M;17;R;GT3;T;2;2;services;other;course;mother;4;1;0;no;yes;no;no;yes;yes;yes;no;4;4;5;5;5;4;8;11
253;M;16;U;GT3;T;4;3;health;services;reputation;mother;1;4;0;no;no;no;yes;yes;yes;yes;no;4;2;2;1;1;2;4;19
254;F;16;U;GT3;T;2;2;other;other;home;mother;1;2;0;no;yes;yes;no;no;yes;yes;no;5;1;5;1;1;4;0;6
255;M;15;U;GT3;T;4;3;teacher;services;course;father;2;4;0;yes;yes;no;no;yes;yes;yes;no;2;2;2;1;1;3;0;7
256;F;16;R;GT3;T;2;2;services;services;reputation;mother;2;4;0;no;yes;yes;yes;no;yes;yes;no;5;3;5;1;1;5;6;10
257;M;17;U;GT3;T;2;3;other;other;course;father;2;1;0;no;no;no;no;yes;yes;yes;no;5;2;2;1;1;2;4;12
258;F;19;U;GT3;T;3;3;other;services;home;other;1;2;2;no;yes;yes;yes;yes;yes;yes;no;4;3;5;3;3;5;15;9
259;F;18;R;GT3;T;1;1;at_home;other;course;mother;3;1;3;no;yes;no;yes;no;yes;no;no;5;2;5;1;5;4;6;9
260;M;18;R;LE3;A;3;4;other;other;reputation;mother;2;2;0;no;yes;yes;yes;yes;yes;yes;no;4;2;5;3;4;1;13;17
261;F;16;U;GT3;T;2;2;at_home;other;home;mother;1;2;1;yes;no;no;yes;yes;yes;yes;no;3;1;2;1;1;5;6;10
262;F;17;U;GT3;A;2;2;at_home;at_home;home;father;1;2;1;no;yes;no;no;yes;yes;yes;yes;3;3;1;1;2;4;0;9
263;F;18;U;LE3;A;4;4;health;other;home;mother;1;2;0;no;yes;no;no;yes;yes;yes;yes;4;2;4;1;1;4;14;12
264;F;15;R;GT3;T;3;3;services;services;reputation;other;2;3;2;no;yes;yes;yes;yes;yes;yes;yes;4;2;1;2;3;3;8;10
265;F;15;U;GT3;T;4;4;teacher;services;course;mother;1;3;0;no;yes;yes;yes;yes;yes;yes;no;4;2;2;1;1;5;2;9
266;F;19;U;GT3;T;0;1;at_home;other;course;other;1;2;3;no;yes;no;no;no;no;no;no;3;4;2;1;1;5;2;7
267;M;16;U;GT3;T;3;2;services;services;course;mother;2;1;1;no;yes;no;yes;no;no;no;no;4;5;2;1;1;2;16;12
268;M;17;U;LE3;T;2;2;other;other;home;father;1;2;0;no;no;yes;yes;no;yes;yes;yes;4;4;2;5;5;4;4;14
269;F;17;U;GT3;T;2;2;other;other;course;mother;1;2;0;no;yes;no;no;yes;yes;no;yes;4;2;2;1;1;3;12;11
270;F;18;U;GT3;T;2;4;services;at_home;reputation;other;1;2;1;no;yes;yes;yes;yes;yes;yes;no;4;4;3;1;1;3;8;14
271;F;18;U;GT3;T;4;3;other;other;course;mother;1;3;0;no;yes;yes;yes;yes;yes;yes;yes;4;3;4;1;1;5;9;9
272;F;15;U;GT3;T;4;4;services;teacher;other;father;1;2;1;yes;yes;no;yes;no;yes;yes;no;4;4;4;1;1;3;2;7
273;F;17;U;GT3;T;2;4;services;services;reputation;father;1;2;0;no;yes;no;yes;yes;yes;no;no;5;4;2;2;3;5;0;16
274;M;17;U;LE3;T;4;3;teacher;other;course;mother;2;2;0;no;no;yes;yes;yes;yes;yes;no;4;4;4;4;4;4;4;10
275;F;17;R;GT3;A;3;2;other;other;home;mother;1;2;0;no;yes;yes;no;yes;yes;yes;no;4;3;3;2;3;2;4;9
276;M;17;R;GT3;T;1;3;other;other;course;father;3;2;1;no;yes;no;yes;yes;yes;yes;no;5;2;4;1;4;5;20;9
277;F;17;U;GT3;T;2;4;at_home;health;reputation;mother;2;2;0;no;yes;yes;no;yes;yes;yes;yes;4;3;3;1;1;1;2;10
278;M;16;U;GT3;T;4;4;services;services;other;mother;1;1;0;yes;yes;yes;yes;yes;yes;yes;no;4;5;5;5;5;4;14;7
279;F;16;U;GT3;T;3;3;other;services;home;mother;1;2;0;yes;yes;yes;yes;yes;yes;yes;no;4;3;3;2;4;5;54;11
280;F;15;R;LE3;T;3;1;other;other;reputation;father;2;4;0;no;yes;no;no;no;yes;yes;no;4;4;2;2;3;3;12;16
281;F;16;U;GT3;A;2;2;other;other;reputation;mother;1;2;0;yes;yes;yes;no;yes;yes;yes;no;3;3;4;1;1;4;0;12
282;F;17;U;GT3;T;3;2;other;other;home;mother;1;2;0;no;yes;yes;no;yes;yes;yes;yes;4;3;2;2;3;2;0;7
283;M;18;U;LE3;T;4;3;teacher;services;course;mother;2;1;0;no;no;yes;yes;yes;yes;yes;no;4;2;3;1;2;1;8;10
284;M;15;U;LE3;A;4;4;teacher;teacher;course;mother;1;1;0;no;no;no;yes;yes;yes;yes;no;5;5;3;1;1;4;6;18
285;F;17;R;LE3;T;2;2;services;services;course;mother;1;3;0;no;yes;yes;yes;yes;yes;yes;no;3;3;2;2;2;3;3;11
286;F;16;U;GT3;T;4;4;health;other;home;mother;1;1;0;no;yes;no;no;yes;yes;yes;no;4;4;4;1;2;2;4;14
287;F;17;U;LE3;T;2;2;services;services;course;father;1;4;0;no;no;yes;yes;yes;yes;yes;yes;3;4;1;1;1;2;0;10
288;M;18;U;GT3;T;2;2;services;other;home;mother;1;2;1;no;yes;yes;yes;yes;yes;yes;no;4;4;4;2;4;5;15;6
289;M;18;U;GT3;T;4;3;teacher;other;course;mother;1;2;0;no;yes;yes;no;no;yes;yes;no;4;3;2;1;1;3;2;8
290;M;15;R;GT3;T;2;3;at_home;services;course;mother;1;2;0;yes;no;yes;yes;yes;yes;no;no;4;4;4;1;1;1;2;11
291;F;17;U;GT3;T;3;2;health;health;reputation;father;1;4;0;no;yes;yes;yes;no;yes;yes;no;5;2;2;1;2;5;0;17
292;M;15;U;GT3;T;4;4;services;other;course;mother;1;1;0;no;yes;no;yes;no;yes;yes;no;5;3;3;1;1;5;4;10
293;F;19;U;GT3;T;2;1;services;services;home;other;1;3;1;no;no;yes;yes;yes;yes;yes;yes;4;3;4;1;3;3;4;11
294;M;18;R;GT3;T;4;3;teacher;services;course;mother;1;3;0;no;no;no;no;yes;yes;yes;yes;5;3;2;1;2;4;9;16
295;M;19;R;GT3;T;3;3;other;services;reputation;father;1;2;1;no;no;no;yes;yes;yes;no;yes;4;5;3;1;2;5;0;15
296;F;19;U;GT3;T;4;4;health;other;reputation;other;2;2;0;no;yes;yes;yes;yes;yes;yes;no;2;3;4;2;3;2;0;10
297;M;18;U;GT3;T;2;2;other;other;home;mother;2;2;0;no;yes;yes;no;yes;yes;yes;no;3;3;3;5;5;4;0;12
298;M;17;R;GT3;T;2;1;other;other;course;mother;1;1;0;no;no;no;no;no;yes;yes;no;4;4;2;2;4;5;0;8
299;F;15;R;GT3;T;2;4;services;health;course;mother;1;3;0;yes;yes;yes;yes;yes;yes;yes;no;4;3;2;1;1;5;2;10
300;M;16;U;LE3;T;2;1;other;other;course;mother;1;2;0;no;no;yes;yes;yes;yes;yes;yes;4;2;3;1;2;5;0;15
301;M;17;R;LE3;T;2;1;at_home;other;course;mother;2;1;2;no;no;no;yes;yes;no;yes;yes;3;3;2;2;2;5;0;7
302;M;19;U;GT3;T;1;2;other;services;course;other;1;2;1;no;no;no;no;no;yes;yes;no;4;5;2;2;2;4;3;13
303;M;16;U;LE3;T;1;2;other;other;course;mother;2;1;1;no;no;no;yes;yes;yes;no;no;4;4;4;2;4;5;0;7
304;F;18;U;GT3;T;4;4;teacher;other;course;mother;1;2;0;no;yes;yes;no;yes;yes;yes;no;4;4;4;3;3;5;2;11
305;M;18;U;GT3;T;4;4;teacher;services;home;mother;2;1;0;no;no;yes;yes;yes;yes;yes;no;3;2;4;1;4;3;22;9
306;M;16;U;LE3;T;2;2;services;services;reputation;father;2;1;2;no;yes;no;yes;yes;yes;yes;no;2;3;3;2;2;2;8;9
307;F;16;U;GT3;T;3;2;other;other;reputation;mother;1;2;0;no;yes;yes;no;yes;yes;yes;no;1;2;2;1;2;1;14;12
308;F;17;U;LE3;T;2;2;services;other;course;mother;2;2;0;yes;yes;yes;no;yes;yes;yes;yes;4;4;4;2;3;5;6;12
309;M;17;U;GT3;T;3;2;services;services;course;mother;1;1;3;no;yes;no;yes;yes;yes;yes;no;5;5;5;2;4;5;16;6
